Start,End,Name,CountsAsWork,CountsAsSleep,InfernalDay
2026-01-16 22:40:57,2026-01-16 22:40:57,idle,False,False,2026-01-16
2026-01-16 23:53:19,2026-01-17 08:16:19,SLEEP_OFFLINE,False,True,2026-01-16
2026-01-16 22:40:57,2026-01-17 08:44:15,work,True,False,2026-01-16
2026-01-16 22:40:57,2026-01-17 08:44:22,work,True,False,2026-01-16
2026-01-17 08:44:22,2026-01-17 09:13:58,douche,False,False,2026-01-17
2026-01-17 09:13:58,2026-01-17 09:19:06,work,True,False,2026-01-17
2026-01-17 09:19:06,2026-01-17 09:20:00,clope,False,False,2026-01-17
2026-01-17 09:18:29,2026-01-17 09:24:13,sleep,False,True,2026-01-17
2026-01-16 22:40:57,2026-01-17 09:29:15,work,True,False,2026-01-16
2026-01-17 09:20:00,2026-01-17 09:34:07,clope,False,False,2026-01-17
2026-01-17 09:34:07,2026-01-17 09:38:02,manger,False,False,2026-01-17
2026-01-17 09:38:02,2026-01-17 09:38:13,manger,False,False,2026-01-17
2026-01-17 09:38:13,2026-01-17 09:38:14,manger,False,False,2026-01-17
2026-01-17 09:38:14,2026-01-17 09:38:14,manger,False,False,2026-01-17
2026-01-17 09:38:14,2026-01-17 09:52:31,manger,False,False,2026-01-17
2026-01-17 09:29:15,2026-01-17 09:55:27,work,True,False,2026-01-17
2026-01-17 09:55:27,2026-01-17 09:55:42,work,True,False,2026-01-17
2026-01-17 09:55:42,2026-01-17 09:55:43,work,True,False,2026-01-17
2026-01-17 09:55:43,2026-01-17 09:55:43,work,True,False,2026-01-17
2026-01-17 09:55:43,2026-01-17 09:55:43,work,True,False,2026-01-17
2026-01-17 09:55:43,2026-01-17 09:55:43,work,True,False,2026-01-17
2026-01-17 09:29:15,2026-01-17 09:55:44,work,True,False,2026-01-17
2026-01-17 09:55:44,2026-01-17 09:55:44,work,True,False,2026-01-17
2026-01-17 09:55:44,2026-01-17 09:55:44,work,True,False,2026-01-17
2026-01-17 09:55:43,2026-01-17 09:57:00,work,True,False,2026-01-17
2026-01-17 09:55:43,2026-01-17 10:00:55,work,True,False,2026-01-17
2026-01-17 10:00:55,2026-01-17 10:04:03,work,True,False,2026-01-17
2026-01-17 10:00:55,2026-01-17 10:07:38,work,True,False,2026-01-17
2026-01-17 10:07:38,2026-01-17 10:09:45,work,True,False,2026-01-17
2026-01-17 10:09:45,2026-01-17 10:09:47,work,True,False,2026-01-17
2026-01-17 09:52:31,2026-01-17 10:27:19,manger,False,False,2026-01-17
2026-01-17 10:27:19,2026-01-17 10:28:05,manger,False,False,2026-01-17
2026-01-17 10:28:05,2026-01-17 10:28:49,manger,False,False,2026-01-17
2026-01-17 10:28:49,2026-01-17 10:36:59,manger,False,False,2026-01-17
2026-01-17 10:36:59,2026-01-17 10:48:14,work,True,False,2026-01-17
2026-01-17 10:48:14,2026-01-17 10:50:48,manger,False,False,2026-01-17
2026-01-17 10:50:48,2026-01-17 11:09:17,work,True,False,2026-01-17
2026-01-17 11:09:17,2026-01-17 11:24:02,clope,False,False,2026-01-17
2026-01-17 11:24:02,2026-01-17 11:37:15,work,True,False,2026-01-17
2026-01-17 11:37:15,2026-01-17 11:45:23,clope,False,False,2026-01-17
2026-01-17 11:45:23,2026-01-17 12:13:31,work,True,False,2026-01-17
2026-01-17 12:13:31,2026-01-17 12:55:21,manger,False,False,2026-01-17
2026-01-17 12:55:21,2026-01-17 13:35:11,work,True,False,2026-01-17
2026-01-17 13:35:11,2026-01-17 13:46:22,clope,False,False,2026-01-17
2026-01-17 13:46:22,2026-01-17 13:58:11,manger,False,False,2026-01-17
2026-01-17 13:58:11,2026-01-17 14:09:03,work,True,False,2026-01-17
2026-01-17 14:09:03,2026-01-17 14:28:50,clope,False,False,2026-01-17
2026-01-17 14:28:50,2026-01-17 16:02:36,marche,False,False,2026-01-17
2026-01-17 16:02:36,2026-01-17 21:42:35,work,True,False,2026-01-17
2026-01-17 21:42:35,2026-01-17 21:48:43,sleep,False,True,2026-01-17
2026-01-17 21:48:43,2026-01-18 07:15:56,SLEEP_OFFLINE,False,True,2026-01-17
2026-01-18 07:15:56,2026-01-18 07:30:13,sleep,False,True,2026-01-18
2026-01-18 07:30:13,2026-01-18 07:58:21,work,True,False,2026-01-18
2026-01-18 07:58:21,2026-01-18 08:01:28,clope,False,False,2026-01-18
2026-01-18 08:01:28,2026-01-18 08:31:58,douche,False,False,2026-01-18
2026-01-18 08:31:58,2026-01-18 08:44:30,clope,False,False,2026-01-18
2026-01-18 08:44:30,2026-01-18 09:28:44,work,True,False,2026-01-18
2026-01-18 09:28:44,2026-01-18 09:31:59,clope,False,False,2026-01-18
2026-01-18 09:31:59,2026-01-18 10:56:36,work,True,False,2026-01-18
2026-01-18 10:56:36,2026-01-18 11:06:38,clope,False,False,2026-01-18
2026-01-18 11:06:38,2026-01-18 11:25:12,work,True,False,2026-01-18
2026-01-18 11:25:12,2026-01-18 11:39:07,clope,False,False,2026-01-18
2026-01-18 11:39:07,2026-01-18 12:02:27,work,True,False,2026-01-18
2026-01-18 12:02:27,2026-01-18 12:53:44,marche,False,False,2026-01-18
2026-01-18 12:53:44,2026-01-18 12:57:25,work,True,False,2026-01-18
2026-01-18 12:57:25,2026-01-18 14:02:33,manger,False,False,2026-01-18
2026-01-18 14:02:33,2026-01-18 14:02:49,clope,False,False,2026-01-18
2026-01-18 14:02:49,2026-01-18 14:53:53,work,True,False,2026-01-18
2026-01-18 14:53:53,2026-01-18 15:03:18,clope,False,False,2026-01-18
2026-01-18 15:03:18,2026-01-18 15:52:08,work,True,False,2026-01-18
2026-01-18 15:52:08,2026-01-18 16:04:53,clope,False,False,2026-01-18
2026-01-18 16:04:53,2026-01-18 17:19:44,work,True,False,2026-01-18
2026-01-18 17:19:44,2026-01-18 17:35:50,WAIT_OK,False,False,2026-01-18
2026-01-18 17:35:50,2026-01-18 18:58:48,work,True,False,2026-01-18
2026-01-18 18:58:48,2026-01-18 20:07:38,manger,False,False,2026-01-18
2026-01-18 20:07:38,2026-01-18 20:08:18,work,True,False,2026-01-18
2026-01-18 20:08:18,2026-01-18 20:08:20,clope,False,False,2026-01-18
2026-01-18 20:08:20,2026-01-18 20:17:29,work,True,False,2026-01-18
2026-01-18 20:17:29,2026-01-18 21:47:17,WAIT_OK,False,False,2026-01-18
2026-01-18 21:47:17,2026-01-18 21:47:23,douche,False,False,2026-01-18
2026-01-18 21:47:23,2026-01-18 21:47:50,sleep,False,True,2026-01-18
2026-01-18 21:47:50,2026-01-19 06:50:48,SLEEP_OFFLINE,False,True,2026-01-18
2026-01-19 06:50:48,2026-01-19 06:53:39,sleep,False,True,2026-01-19
2026-01-19 06:53:39,2026-01-19 10:15:53,douche,False,False,2026-01-19
2026-01-19 10:15:53,2026-01-19 12:24:07,work,True,False,2026-01-19
2026-01-19 12:24:07,2026-01-19 12:24:12,clope,False,False,2026-01-19
2026-01-19 12:24:12,2026-01-19 12:24:15,clope,False,False,2026-01-19
2026-01-19 12:24:15,2026-01-19 20:58:19,work,True,False,2026-01-19
2026-01-19 20:58:19,2026-01-19 20:58:20,clope,False,False,2026-01-19
2026-01-19 20:58:20,2026-01-19 20:58:23,clope,False,False,2026-01-19
2026-01-19 20:58:23,2026-01-19 20:59:03,work,True,False,2026-01-19
2026-01-19 20:59:03,2026-01-19 20:59:04,clope,False,False,2026-01-19
2026-01-19 20:59:04,2026-01-19 20:59:05,clope,False,False,2026-01-19
2026-01-19 20:59:05,2026-01-19 20:59:06,clope,False,False,2026-01-19
2026-01-19 20:59:06,2026-01-19 20:59:17,clope,False,False,2026-01-19
2026-01-19 20:59:17,2026-01-19 21:23:01,WAIT_OK,False,False,2026-01-19
2026-01-19 21:23:01,2026-01-19 21:23:17,sleep,False,True,2026-01-19
2026-01-19 21:23:17,2026-01-20 03:38:49,SLEEP_OFFLINE,False,True,2026-01-19
2026-01-20 03:38:49,2026-01-20 03:40:18,sleep,False,True,2026-01-19
2026-01-20 03:40:18,2026-01-20 04:14:32,douche,False,False,2026-01-19
2026-01-20 04:14:32,2026-01-20 04:15:35,work,True,False,2026-01-20
2026-01-20 04:15:35,2026-01-20 04:15:41,clope,False,False,2026-01-20
2026-01-20 04:15:41,2026-01-20 05:28:18,work,True,False,2026-01-20
2026-01-20 05:28:18,2026-01-20 05:28:20,clope,False,False,2026-01-20
2026-01-20 05:28:20,2026-01-20 06:25:34,work,True,False,2026-01-20
2026-01-20 06:25:34,2026-01-20 07:04:42,clope,False,False,2026-01-20
2026-01-20 07:04:42,2026-01-20 08:19:29,marche,False,False,2026-01-20
2026-01-20 08:19:29,2026-01-20 09:25:11,work,True,False,2026-01-20
2026-01-20 09:25:11,2026-01-20 09:34:46,clope,False,False,2026-01-20
2026-01-20 09:34:46,2026-01-20 10:10:43,douche,False,False,2026-01-20
2026-01-20 10:10:43,2026-01-20 10:40:49,work,True,False,2026-01-20
2026-01-20 10:40:49,2026-01-20 11:16:09,manger,False,False,2026-01-20
2026-01-20 11:16:09,2026-01-20 11:18:20,work,True,False,2026-01-20
2026-01-20 11:18:20,2026-01-20 11:18:24,clope,False,False,2026-01-20
2026-01-20 11:18:24,2026-01-20 12:05:16,work,True,False,2026-01-20
2026-01-20 12:05:16,2026-01-20 12:11:20,clope,False,False,2026-01-20
2026-01-20 12:11:20,2026-01-20 12:49:36,work,True,False,2026-01-20
2026-01-20 12:49:36,2026-01-20 12:59:21,clope,False,False,2026-01-20
2026-01-20 12:59:21,2026-01-20 14:53:00,work,True,False,2026-01-20
2026-01-20 14:53:00,2026-01-20 15:45:31,clope,False,False,2026-01-20
2026-01-20 15:45:31,2026-01-20 16:33:09,work,True,False,2026-01-20
2026-01-20 16:33:09,2026-01-20 16:33:32,clope,False,False,2026-01-20
2026-01-20 16:33:32,2026-01-20 16:57:07,work,True,False,2026-01-20
2026-01-20 16:57:07,2026-01-20 17:19:34,clope,False,False,2026-01-20
2026-01-20 17:19:34,2026-01-20 21:47:33,work,True,False,2026-01-20
2026-01-20 21:47:33,2026-01-20 23:58:22,WAIT_OK,False,False,2026-01-20
2026-01-20 23:58:22,2026-01-21 08:20:35,sleep,False,True,2026-01-20
2026-01-21 08:20:35,2026-01-21 11:03:53,douche,False,False,2026-01-21
2026-01-21 11:03:53,2026-01-21 14:04:01,work,True,False,2026-01-21
2026-01-21 14:04:01,2026-01-21 15:22:27,WAIT_OK,False,False,2026-01-21
2026-01-21 15:22:27,2026-01-21 15:32:41,work,True,False,2026-01-21
2026-01-21 15:32:41,2026-01-21 15:32:43,clope,False,False,2026-01-21
2026-01-21 15:32:43,2026-01-21 17:02:20,work,True,False,2026-01-21
2026-01-21 17:02:20,2026-01-21 17:22:07,clope,False,False,2026-01-21
2026-01-21 17:22:07,2026-01-21 18:39:39,work,True,False,2026-01-21
2026-01-21 18:39:39,2026-01-21 18:39:41,clope,False,False,2026-01-21
2026-01-21 18:39:41,2026-01-21 19:24:11,work,True,False,2026-01-21
2026-01-21 19:24:11,2026-01-21 21:12:10,clope,False,False,2026-01-21
2026-01-21 21:12:10,2026-01-21 21:12:19,manger,False,False,2026-01-21
2026-01-21 21:12:19,2026-01-22 00:10:19,work,True,False,2026-01-21
2026-01-22 00:10:19,2026-01-22 00:53:50,clope,False,False,2026-01-21
2026-01-22 00:53:50,2026-01-22 01:00:07,WAIT_OK,False,False,2026-01-21
2026-01-22 01:00:07,2026-01-22 08:32:27,SLEEP_OFFLINE,False,True,2026-01-21
2026-01-22 08:32:27,2026-01-22 08:33:28,sleep,False,True,2026-01-22
2026-01-22 08:33:28,2026-01-22 10:19:50,douche,False,False,2026-01-22
2026-01-22 10:19:50,2026-01-22 10:20:02,clope,False,False,2026-01-22
2026-01-22 10:20:02,2026-01-22 10:20:04,WAIT_OK,False,False,2026-01-22
2026-01-22 10:20:04,2026-01-22 10:20:13,clope,False,False,2026-01-22
2026-01-22 10:20:13,2026-01-22 10:20:15,WAIT_OK,False,False,2026-01-22
2026-01-22 10:20:15,2026-01-22 10:49:00,clope,False,False,2026-01-22
2026-01-22 10:49:00,2026-01-22 11:14:12,work,True,False,2026-01-22
2026-01-22 11:14:12,2026-01-22 12:58:51,clope,False,False,2026-01-22
2026-01-22 12:58:51,2026-01-22 13:21:07,work,True,False,2026-01-22
2026-01-22 13:21:07,2026-01-22 13:39:57,clope,False,False,2026-01-22
2026-01-22 13:39:57,2026-01-22 14:21:06,work,True,False,2026-01-22
2026-01-22 14:21:06,2026-01-22 14:21:07,clope,False,False,2026-01-22
2026-01-22 14:21:07,2026-01-22 17:07:22,work,True,False,2026-01-22
2026-01-22 17:07:22,2026-01-22 17:07:27,work,True,False,2026-01-22
2026-01-22 17:07:27,2026-01-22 17:07:29,clope,False,False,2026-01-22
2026-01-22 17:07:29,2026-01-22 20:22:40,work,True,False,2026-01-22
2026-01-22 20:22:40,2026-01-22 20:22:42,work,True,False,2026-01-22
2026-01-22 20:22:42,2026-01-22 20:22:44,clope,False,False,2026-01-22
2026-01-22 20:22:44,2026-01-22 21:21:37,work,True,False,2026-01-22
2026-01-22 21:21:37,2026-01-22 21:27:05,WAIT_OK,False,False,2026-01-22
2026-01-22 21:27:05,2026-01-22 21:27:20,sleep,False,True,2026-01-22
2026-01-22 21:27:20,2026-01-23 07:08:53,SLEEP_OFFLINE,False,True,2026-01-22
2026-01-23 07:08:53,2026-01-23 07:10:14,sleep,False,True,2026-01-23
2026-01-23 07:10:14,2026-01-23 07:40:52,douche,False,False,2026-01-23
2026-01-23 07:40:52,2026-01-23 08:30:46,work,True,False,2026-01-23
2026-01-23 08:30:46,2026-01-23 11:44:36,clope,False,False,2026-01-23
2026-01-23 11:44:36,2026-01-23 11:44:48,clope,False,False,2026-01-23
2026-01-23 11:44:48,2026-01-23 11:44:50,marche,False,False,2026-01-23
2026-01-23 11:44:50,2026-01-23 11:44:52,clope,False,False,2026-01-23
2026-01-23 11:44:52,2026-01-23 11:44:53,manger,False,False,2026-01-23
2026-01-23 11:44:53,2026-01-23 11:44:53,clope,False,False,2026-01-23
2026-01-23 11:44:53,2026-01-23 11:44:54,manger,False,False,2026-01-23
2026-01-23 11:44:54,2026-01-23 13:01:33,clope,False,False,2026-01-23
2026-01-23 13:01:33,2026-01-23 13:01:47,clope,False,False,2026-01-23
2026-01-23 13:01:47,2026-01-23 13:36:46,work,True,False,2026-01-23
2026-01-23 13:36:46,2026-01-23 13:36:51,clope,False,False,2026-01-23
2026-01-23 13:36:51,2026-01-23 18:03:40,work,True,False,2026-01-23
2026-01-23 18:03:40,2026-01-23 18:03:41,clope,False,False,2026-01-23
2026-01-23 18:03:41,2026-01-23 23:43:18,work,True,False,2026-01-23
2026-01-23 23:43:18,2026-01-24 08:14:19,WAIT_OK,False,False,2026-01-23
2026-01-24 08:14:19,2026-01-24 08:14:53,work,True,False,2026-01-24
2026-01-24 08:14:53,2026-01-24 09:17:54,douche,False,False,2026-01-24
2026-01-24 09:17:54,2026-01-24 12:36:42,clope,False,False,2026-01-24
2026-01-24 12:36:42,2026-01-24 12:36:47,clope,False,False,2026-01-24
2026-01-24 12:36:47,2026-01-24 12:36:49,manger,False,False,2026-01-24
2026-01-24 12:36:49,2026-01-24 12:36:59,clope,False,False,2026-01-24
2026-01-24 12:36:59,2026-01-24 12:58:45,work,True,False,2026-01-24
2026-01-24 12:58:45,2026-01-24 12:58:52,clope,False,False,2026-01-24
2026-01-24 12:58:52,2026-01-24 12:58:53,work,True,False,2026-01-24
2026-01-24 12:58:53,2026-01-24 12:58:56,clope,False,False,2026-01-24
2026-01-24 12:58:56,2026-01-24 12:58:57,work,True,False,2026-01-24
2026-01-24 12:58:57,2026-01-24 13:11:47,clope,False,False,2026-01-24
2026-01-24 13:11:47,2026-01-24 13:22:58,work,True,False,2026-01-24
2026-01-24 13:22:58,2026-01-24 13:53:45,clope,False,False,2026-01-24
2026-01-24 13:53:45,2026-01-24 14:46:23,work,True,False,2026-01-24
2026-01-24 14:46:23,2026-01-24 14:55:08,clope,False,False,2026-01-24
2026-01-24 14:55:08,2026-01-24 15:48:30,work,True,False,2026-01-24
2026-01-24 15:48:30,2026-01-24 15:48:35,clope,False,False,2026-01-24
2026-01-24 15:48:35,2026-01-24 16:53:08,work,True,False,2026-01-24
2026-01-24 16:53:08,2026-01-24 16:53:10,clope,False,False,2026-01-24
2026-01-24 16:53:10,2026-01-24 18:14:57,work,True,False,2026-01-24
2026-01-24 18:14:57,2026-01-24 18:14:59,clope,False,False,2026-01-24
2026-01-24 18:14:59,2026-01-24 18:50:19,work,True,False,2026-01-24
2026-01-24 18:50:19,2026-01-24 18:58:17,clope,False,False,2026-01-24
2026-01-24 18:58:17,2026-01-24 23:30:09,work,True,False,2026-01-24
2026-01-24 23:30:09,2026-01-24 23:30:23,clope,False,False,2026-01-24
2026-01-24 23:30:23,2026-01-25 00:12:57,WAIT_OK,False,False,2026-01-24
2026-01-25 00:12:57,2026-01-25 08:34:31,sleep,False,True,2026-01-24
2026-01-25 08:34:31,2026-01-25 10:25:48,douche,False,False,2026-01-25
2026-01-25 10:25:48,2026-01-25 10:25:55,clope,False,False,2026-01-25
2026-01-25 10:25:55,2026-01-25 10:25:56,douche,False,False,2026-01-25
2026-01-25 10:25:56,2026-01-25 10:25:58,clope,False,False,2026-01-25
2026-01-25 10:25:58,2026-01-25 11:12:58,work,True,False,2026-01-25
2026-01-25 11:12:58,2026-01-25 11:13:01,clope,False,False,2026-01-25
2026-01-25 11:13:01,2026-01-25 12:05:00,work,True,False,2026-01-25
2026-01-25 12:05:00,2026-01-25 12:05:01,clope,False,False,2026-01-25
2026-01-25 12:05:01,2026-01-25 19:13:38,work,True,False,2026-01-25
2026-01-25 19:13:38,2026-01-25 19:13:39,clope,False,False,2026-01-25
2026-01-25 19:13:39,2026-01-25 19:13:40,manger,False,False,2026-01-25
2026-01-25 19:13:40,2026-01-25 19:13:41,clope,False,False,2026-01-25
2026-01-25 19:13:41,2026-01-25 19:13:42,manger,False,False,2026-01-25
2026-01-25 19:13:42,2026-01-25 19:13:43,clope,False,False,2026-01-25
2026-01-25 19:13:43,2026-01-25 19:13:43,manger,False,False,2026-01-25
2026-01-25 19:13:43,2026-01-25 19:13:48,clope,False,False,2026-01-25
2026-01-25 19:13:48,2026-01-25 22:54:39,manger,False,False,2026-01-25
2026-01-25 22:54:39,2026-01-26 04:59:50,SLEEP_OFFLINE,False,True,2026-01-25
2026-01-26 04:59:50,2026-01-26 05:07:27,sleep,False,True,2026-01-26
2026-01-26 05:07:27,2026-01-26 06:28:42,douche,False,False,2026-01-26
2026-01-26 06:28:42,2026-01-26 06:28:45,clope,False,False,2026-01-26
2026-01-26 06:28:45,2026-01-26 07:13:54,work,True,False,2026-01-26
2026-01-26 07:13:54,2026-01-26 07:20:49,clope,False,False,2026-01-26
2026-01-26 07:20:49,2026-01-26 08:54:58,work,True,False,2026-01-26
2026-01-26 08:54:58,2026-01-26 08:59:09,clope,False,False,2026-01-26
2026-01-26 08:59:09,2026-01-26 09:56:20,marche,False,False,2026-01-26
2026-01-26 09:56:20,2026-01-26 09:56:22,clope,False,False,2026-01-26
2026-01-26 09:56:22,2026-01-26 11:09:36,work,True,False,2026-01-26
2026-01-26 11:09:36,2026-01-26 12:26:56,manger,False,False,2026-01-26
2026-01-26 12:26:56,2026-01-26 12:28:42,work,True,False,2026-01-26
2026-01-26 12:28:42,2026-01-26 12:28:44,clope,False,False,2026-01-26
2026-01-26 12:28:44,2026-01-26 12:52:00,work,True,False,2026-01-26
2026-01-26 12:52:00,2026-01-26 12:59:00,clope,False,False,2026-01-26
2026-01-26 12:59:00,2026-01-26 13:38:34,work,True,False,2026-01-26
2026-01-26 13:38:34,2026-01-26 13:48:40,clope,False,False,2026-01-26
2026-01-26 13:48:40,2026-01-26 14:38:21,work,True,False,2026-01-26
2026-01-26 14:38:21,2026-01-26 14:38:23,clope,False,False,2026-01-26
2026-01-26 14:38:23,2026-01-26 15:43:23,work,True,False,2026-01-26
2026-01-26 15:43:23,2026-01-26 15:43:27,clope,False,False,2026-01-26
2026-01-26 15:43:27,2026-01-26 17:04:16,work,True,False,2026-01-26
2026-01-26 17:04:16,2026-01-26 17:54:33,WAIT_OK,False,False,2026-01-26
2026-01-26 17:54:33,2026-01-26 17:54:35,clope,False,False,2026-01-26
2026-01-26 17:54:35,2026-01-26 19:34:59,work,True,False,2026-01-26
2026-01-26 19:34:59,2026-01-26 20:17:46,manger,False,False,2026-01-26
2026-01-26 20:17:46,2026-01-26 20:25:26,WAIT_OK,False,False,2026-01-26
2026-01-26 20:25:26,2026-01-26 20:25:35,sleep,False,True,2026-01-26
2026-01-26 20:25:35,2026-01-27 05:02:51,SLEEP_OFFLINE,False,True,2026-01-26
2026-01-27 05:02:51,2026-01-27 05:14:30,sleep,False,True,2026-01-27
2026-01-27 05:14:30,2026-01-27 06:01:56,douche,False,False,2026-01-27
2026-01-27 06:01:56,2026-01-27 06:02:00,clope,False,False,2026-01-27
2026-01-27 06:02:00,2026-01-27 06:22:25,work,True,False,2026-01-27
2026-01-27 06:22:25,2026-01-27 06:25:39,clope,False,False,2026-01-27
2026-01-27 06:25:39,2026-01-27 06:49:58,work,True,False,2026-01-27
2026-01-27 06:49:58,2026-01-27 07:04:24,clope,False,False,2026-01-27
2026-01-27 07:04:24,2026-01-27 07:35:37,manger,False,False,2026-01-27
2026-01-27 07:35:37,2026-01-27 07:35:39,clope,False,False,2026-01-27
2026-01-27 07:35:39,2026-01-27 08:19:12,douche,False,False,2026-01-27
2026-01-27 08:19:12,2026-01-27 08:28:40,clope,False,False,2026-01-27
2026-01-27 08:28:40,2026-01-27 08:39:57,work,True,False,2026-01-27
2026-01-27 08:39:57,2026-01-27 09:35:35,marche,False,False,2026-01-27
2026-01-27 09:35:35,2026-01-27 09:48:30,work,True,False,2026-01-27
2026-01-27 09:48:30,2026-01-27 10:35:31,clope,False,False,2026-01-27
2026-01-27 10:35:31,2026-01-27 11:24:53,WAIT_OK,False,False,2026-01-27
2026-01-27 11:24:53,2026-01-27 11:27:42,clope,False,False,2026-01-27
2026-01-27 11:27:42,2026-01-27 12:44:11,marche,False,False,2026-01-27
2026-01-27 12:44:11,2026-01-27 13:08:40,manger,False,False,2026-01-27
2026-01-27 13:08:40,2026-01-27 13:50:25,work,True,False,2026-01-27
2026-01-27 13:50:25,2026-01-27 13:59:07,marche,False,False,2026-01-27
2026-01-27 13:59:07,2026-01-27 13:59:17,clope,False,False,2026-01-27
2026-01-27 13:59:17,2026-01-27 14:06:55,WAIT_OK,False,False,2026-01-27
2026-01-27 14:06:55,2026-01-27 14:58:16,work,True,False,2026-01-27
2026-01-27 14:58:16,2026-01-27 15:50:07,clope,False,False,2026-01-27
2026-01-27 15:50:07,2026-01-27 15:50:10,work,True,False,2026-01-27
2026-01-27 15:50:10,2026-01-27 15:50:11,clope,False,False,2026-01-27
2026-01-27 15:50:11,2026-01-27 16:24:52,work,True,False,2026-01-27
2026-01-27 16:24:52,2026-01-27 16:54:20,work,True,False,2026-01-27
2026-01-27 16:54:20,2026-01-27 17:00:49,clope,False,False,2026-01-27
2026-01-27 17:00:49,2026-01-27 17:25:40,work,True,False,2026-01-27
2026-01-27 17:25:40,2026-01-27 17:36:11,clope,False,False,2026-01-27
2026-01-27 17:36:11,2026-01-27 18:20:20,work,True,False,2026-01-27
2026-01-27 18:20:20,2026-01-27 18:20:24,clope,False,False,2026-01-27
2026-01-27 18:20:24,2026-01-27 20:05:12,work,True,False,2026-01-27
2026-01-27 20:05:12,2026-01-27 20:28:18,manger,False,False,2026-01-27
2026-01-27 20:28:18,2026-01-27 21:37:29,clope,False,False,2026-01-27
2026-01-27 21:37:29,2026-01-27 22:26:46,work,True,False,2026-01-27
2026-01-27 22:26:46,2026-01-27 23:05:31,glandouille,False,False,2026-01-27
2026-01-27 23:05:31,2026-01-28 01:14:59,work,True,False,2026-01-27
2026-01-28 01:14:59,2026-01-28 01:21:15,glandouille,False,False,2026-01-27
2026-01-28 01:21:15,2026-01-28 01:21:35,sleep,False,True,2026-01-27
2026-01-28 01:21:35,2026-01-28 08:35:10,SLEEP_OFFLINE,False,True,2026-01-27
2026-01-28 08:35:10,2026-01-28 08:36:01,sleep,False,True,2026-01-28
2026-01-28 08:36:01,2026-01-28 09:26:58,reveille,False,False,2026-01-28
2026-01-28 09:26:58,2026-01-28 09:27:02,clope,False,False,2026-01-28
2026-01-28 09:27:02,2026-01-28 09:53:46,work,True,False,2026-01-28
2026-01-28 09:53:46,2026-01-28 10:21:59,douche,False,False,2026-01-28
2026-01-28 10:21:59,2026-01-28 10:46:53,work,True,False,2026-01-28
2026-01-28 10:46:53,2026-01-28 10:59:40,clope,False,False,2026-01-28
2026-01-28 10:59:40,2026-01-28 11:34:33,work,True,False,2026-01-28
2026-01-28 11:34:33,2026-01-28 11:43:23,clope,False,False,2026-01-28
2026-01-28 11:43:23,2026-01-28 12:13:25,work,True,False,2026-01-28
2026-01-28 12:13:25,2026-01-28 12:20:35,clope,False,False,2026-01-28
2026-01-28 12:20:35,2026-01-28 13:33:47,work,True,False,2026-01-28
2026-01-28 13:33:47,2026-01-28 13:34:03,clope,False,False,2026-01-28
2026-01-28 13:34:03,2026-01-28 13:34:04,manger,False,False,2026-01-28
2026-01-28 13:34:04,2026-01-28 13:34:06,clope,False,False,2026-01-28
2026-01-28 13:34:06,2026-01-28 13:45:24,manger,False,False,2026-01-28
2026-01-28 13:45:24,2026-01-28 17:12:37,marche,False,False,2026-01-28
2026-01-28 17:12:37,2026-01-28 17:13:37,clope,False,False,2026-01-28
2026-01-28 17:13:37,2026-01-28 17:18:16,work,True,False,2026-01-28
2026-01-28 17:18:16,2026-01-28 17:26:53,clope,False,False,2026-01-28
2026-01-28 17:26:53,2026-01-28 17:57:45,glandouille,False,False,2026-01-28
2026-01-28 17:57:45,2026-01-28 18:26:29,work,True,False,2026-01-28
2026-01-28 18:26:29,2026-01-28 18:47:07,clope,False,False,2026-01-28
2026-01-28 18:47:07,2026-01-28 21:42:28,work,True,False,2026-01-28
2026-01-28 21:42:28,2026-01-28 21:42:30,clope,False,False,2026-01-28
2026-01-28 21:42:30,2026-01-28 22:01:13,work,True,False,2026-01-28
2026-01-28 22:01:13,2026-01-28 22:01:14,clope,False,False,2026-01-28
2026-01-28 22:01:14,2026-01-28 22:05:38,work,True,False,2026-01-28
2026-01-28 22:05:38,2026-01-28 22:21:30,glandouille,False,False,2026-01-28
2026-01-28 22:21:30,2026-01-28 23:42:05,work,True,False,2026-01-28
2026-01-28 23:42:05,2026-01-28 23:42:08,clope,False,False,2026-01-28
2026-01-28 23:42:08,2026-01-29 00:59:27,glandouille,False,False,2026-01-28
2026-01-29 00:59:27,2026-01-29 01:12:32,WAIT_OK,False,False,2026-01-28
2026-01-29 01:12:32,2026-01-29 08:17:10,SLEEP_OFFLINE,False,True,2026-01-28
2026-01-29 08:17:10,2026-01-29 08:19:35,sleep,False,True,2026-01-29
2026-01-29 08:19:35,2026-01-29 09:05:26,reveille,False,False,2026-01-29
2026-01-29 09:05:26,2026-01-29 09:52:17,clope,False,False,2026-01-29
2026-01-29 09:52:17,2026-01-29 09:52:21,clope,False,False,2026-01-29
2026-01-29 09:52:21,2026-01-29 11:04:39,work,True,False,2026-01-29
2026-01-29 11:04:39,2026-01-29 11:06:15,clope,False,False,2026-01-29
2026-01-29 11:06:15,2026-01-29 11:20:37,work,True,False,2026-01-29
2026-01-29 11:20:37,2026-01-29 11:44:32,manger,False,False,2026-01-29
2026-01-29 11:44:32,2026-01-29 12:37:16,glandouille,False,False,2026-01-29
2026-01-29 12:37:16,2026-01-29 13:50:43,work,True,False,2026-01-29
2026-01-29 13:50:43,2026-01-29 13:50:45,clope,False,False,2026-01-29
2026-01-29 13:50:45,2026-01-29 14:06:57,work,True,False,2026-01-29
2026-01-29 14:06:57,2026-01-29 14:55:36,work,True,False,2026-01-29
2026-01-29 14:55:36,2026-01-29 15:02:53,clope,False,False,2026-01-29
2026-01-29 15:02:53,2026-01-29 15:54:55,work,True,False,2026-01-29
2026-01-29 15:54:55,2026-01-29 15:54:58,clope,False,False,2026-01-29
2026-01-29 15:54:58,2026-01-29 18:41:50,work,True,False,2026-01-29
2026-01-29 18:41:50,2026-01-29 18:41:58,clope,False,False,2026-01-29
2026-01-29 18:41:58,2026-01-29 19:32:24,work,True,False,2026-01-29
2026-01-29 19:32:24,2026-01-29 21:16:56,glandouille,False,False,2026-01-29
2026-01-29 21:16:56,2026-01-30 03:00:58,work,True,False,2026-01-29
2026-01-30 03:00:58,2026-01-30 03:21:49,glandouille,False,False,2026-01-29
2026-01-30 03:21:49,2026-01-30 03:22:06,sleep,False,True,2026-01-29
2026-01-30 03:22:06,2026-01-30 09:52:32,SLEEP_OFFLINE,False,True,2026-01-29
2026-01-30 09:52:32,2026-01-30 09:53:22,sleep,False,True,2026-01-30
2026-01-30 09:53:22,2026-01-30 10:22:32,reveille,False,False,2026-01-30
2026-01-30 10:22:32,2026-01-30 10:22:42,clope,False,False,2026-01-30
2026-01-30 10:22:42,2026-01-30 10:37:17,douche,False,False,2026-01-30
2026-01-30 10:37:17,2026-01-30 11:02:11,clope,False,False,2026-01-30
2026-01-30 11:02:11,2026-01-30 12:38:28,marche,False,False,2026-01-30
2026-01-30 12:38:28,2026-01-30 12:46:53,clope,False,False,2026-01-30
2026-01-30 12:46:53,2026-01-30 12:52:34,glandouille,False,False,2026-01-30
2026-01-30 12:52:34,2026-01-30 13:07:07,work,True,False,2026-01-30
2026-01-30 13:07:07,2026-01-30 14:44:14,manger,False,False,2026-01-30
2026-01-30 14:44:14,2026-01-30 14:44:19,clope,False,False,2026-01-30
2026-01-30 14:44:19,2026-01-30 14:44:21,work,True,False,2026-01-30
2026-01-30 14:44:21,2026-01-30 14:45:14,clope,False,False,2026-01-30
2026-01-30 14:45:14,2026-01-30 15:23:49,work,True,False,2026-01-30
2026-01-30 15:23:49,2026-01-30 15:45:03,clope,False,False,2026-01-30
2026-01-30 15:45:03,2026-01-30 17:29:35,work,True,False,2026-01-30
2026-01-30 17:29:35,2026-01-30 17:54:52,clope,False,False,2026-01-30
2026-01-30 17:54:52,2026-01-30 18:32:02,work,True,False,2026-01-30
2026-01-30 18:32:02,2026-01-30 18:32:06,clope,False,False,2026-01-30
2026-01-30 18:32:06,2026-01-30 19:20:53,work,True,False,2026-01-30
2026-01-30 19:20:53,2026-01-30 19:20:58,clope,False,False,2026-01-30
2026-01-30 19:20:58,2026-01-30 20:53:29,work,True,False,2026-01-30
2026-01-30 20:53:29,2026-01-30 21:05:21,clope,False,False,2026-01-30
2026-01-30 21:05:21,2026-01-30 21:25:54,work,True,False,2026-01-30
2026-01-30 21:25:54,2026-01-30 21:35:37,clope,False,False,2026-01-30
2026-01-30 21:35:37,2026-01-30 22:40:39,work,True,False,2026-01-30
2026-01-30 22:40:39,2026-01-30 22:40:57,clope,False,False,2026-01-30
2026-01-30 22:40:57,2026-01-30 23:41:41,work,True,False,2026-01-30
2026-01-30 23:41:41,2026-01-31 01:15:13,clope,False,False,2026-01-30
2026-01-31 01:15:13,2026-01-31 01:25:33,clope,False,False,2026-01-30
2026-01-31 01:25:33,2026-01-31 01:25:52,sleep,False,True,2026-01-30
2026-01-31 01:25:52,2026-01-31 09:58:35,SLEEP_OFFLINE,False,True,2026-01-30
2026-01-31 09:58:35,2026-01-31 10:03:48,sleep,False,True,2026-01-31
2026-01-31 10:03:48,2026-01-31 10:35:21,reveille,False,False,2026-01-31
2026-01-31 10:35:21,2026-01-31 10:45:45,douche,False,False,2026-01-31
2026-01-31 10:45:45,2026-01-31 10:50:52,clope,False,False,2026-01-31
2026-01-31 10:50:52,2026-01-31 11:37:52,work,True,False,2026-01-31
2026-01-31 11:37:52,2026-01-31 11:46:52,clope,False,False,2026-01-31
2026-01-31 11:46:52,2026-01-31 12:16:49,work,True,False,2026-01-31
2026-01-31 12:16:49,2026-01-31 12:41:10,douche,False,False,2026-01-31
2026-01-31 12:41:10,2026-01-31 12:51:37,clope,False,False,2026-01-31
2026-01-31 12:51:37,2026-01-31 13:33:40,work,True,False,2026-01-31
2026-01-31 13:33:40,2026-01-31 13:42:59,clope,False,False,2026-01-31
2026-01-31 13:42:59,2026-01-31 14:26:24,work,True,False,2026-01-31
2026-01-31 14:26:24,2026-01-31 14:34:56,clope,False,False,2026-01-31
2026-01-31 14:34:56,2026-01-31 15:07:11,work,True,False,2026-01-31
2026-01-31 15:07:11,2026-01-31 15:13:25,clope,False,False,2026-01-31
2026-01-31 15:13:25,2026-01-31 15:18:15,work,True,False,2026-01-31
2026-01-31 15:18:15,2026-01-31 15:18:19,marche,False,False,2026-01-31
2026-01-31 15:18:19,2026-01-31 16:16:02,work,True,False,2026-01-31
2026-01-31 16:16:02,2026-01-31 17:27:33,marche,False,False,2026-01-31
2026-01-31 17:27:33,2026-01-31 17:34:54,clope,False,False,2026-01-31
2026-01-31 17:34:54,2026-01-31 17:49:50,glandouille,False,False,2026-01-31
2026-01-31 17:49:50,2026-01-31 18:06:16,work,True,False,2026-01-31
2026-01-31 18:06:16,2026-01-31 18:10:19,manger,False,False,2026-01-31
2026-01-31 18:10:19,2026-01-31 18:29:41,work,True,False,2026-01-31
2026-01-31 18:29:41,2026-01-31 18:39:07,clope,False,False,2026-01-31
2026-01-31 18:39:07,2026-01-31 18:45:06,work,True,False,2026-01-31
2026-01-31 18:45:06,2026-01-31 19:16:10,work,True,False,2026-01-31
2026-01-31 19:16:10,2026-01-31 19:26:26,clope,False,False,2026-01-31
2026-01-31 19:26:26,2026-01-31 19:50:38,work,True,False,2026-01-31
2026-01-31 19:50:38,2026-01-31 20:27:03,manger,False,False,2026-01-31
2026-01-31 20:27:03,2026-01-31 20:27:26,clope,False,False,2026-01-31
2026-01-31 20:27:26,2026-01-31 21:14:13,work,True,False,2026-01-31
2026-01-31 21:14:13,2026-01-31 21:23:03,clope,False,False,2026-01-31
2026-01-31 21:23:03,2026-01-31 21:44:10,work,True,False,2026-01-31
2026-01-31 21:44:10,2026-01-31 21:51:00,clope,False,False,2026-01-31
2026-01-31 21:51:00,2026-01-31 22:41:01,work,True,False,2026-01-31
2026-01-31 22:41:01,2026-01-31 22:47:48,clope,False,False,2026-01-31
2026-01-31 22:47:48,2026-01-31 23:01:02,work,True,False,2026-01-31
2026-01-31 23:01:02,2026-01-31 23:05:42,clope,False,False,2026-01-31
2026-01-31 23:05:42,2026-02-01 00:11:05,work,True,False,2026-01-31
2026-02-01 00:11:05,2026-02-01 00:19:04,clope,False,False,2026-01-31
2026-02-01 00:19:04,2026-02-01 00:33:24,work,True,False,2026-01-31
2026-02-01 00:33:24,2026-02-01 00:35:45,clope,False,False,2026-01-31
2026-02-01 00:35:45,2026-02-01 01:29:11,glandouille,False,False,2026-01-31
2026-02-01 01:29:11,2026-02-01 01:29:18,clope,False,False,2026-01-31
2026-02-01 01:29:18,2026-02-01 01:45:12,work,True,False,2026-01-31
2026-02-01 01:45:12,2026-02-01 02:17:08,clope,False,False,2026-01-31
2026-02-01 02:17:08,2026-02-01 02:40:00,work,True,False,2026-01-31
2026-02-01 02:40:00,2026-02-01 02:57:52,clope,False,False,2026-01-31
2026-02-01 02:57:52,2026-02-01 03:10:44,manger,False,False,2026-01-31
2026-02-01 03:10:44,2026-02-01 03:18:53,work,True,False,2026-01-31
2026-02-01 03:18:53,2026-02-01 03:23:59,glandouille,False,False,2026-01-31
2026-02-01 03:23:59,2026-02-01 03:24:16,sleep,False,True,2026-01-31
2026-02-01 03:24:16,2026-02-01 09:34:14,SLEEP_OFFLINE,False,True,2026-01-31
2026-02-01 09:34:14,2026-02-01 09:35:14,sleep,False,True,2026-02-01
2026-02-01 09:35:14,2026-02-01 10:09:45,reveille,False,False,2026-02-01
2026-02-01 10:09:45,2026-02-01 10:53:08,douche,False,False,2026-02-01
2026-02-01 10:53:08,2026-02-01 11:04:40,clope,False,False,2026-02-01
2026-02-01 11:04:40,2026-02-01 12:15:46,marche,False,False,2026-02-01
2026-02-01 12:15:46,2026-02-01 12:24:35,clope,False,False,2026-02-01
2026-02-01 12:24:35,2026-02-01 13:58:13,glandouille,False,False,2026-02-01
2026-02-01 13:58:13,2026-02-01 14:07:35,clope,False,False,2026-02-01
2026-02-01 14:07:35,2026-02-01 14:07:36,glandouille,False,False,2026-02-01
2026-02-01 14:07:36,2026-02-01 14:07:39,clope,False,False,2026-02-01
2026-02-01 14:07:39,2026-02-01 14:07:40,glandouille,False,False,2026-02-01
2026-02-01 14:07:40,2026-02-01 14:18:56,clope,False,False,2026-02-01
2026-02-01 14:18:56,2026-02-01 14:37:29,glandouille,False,False,2026-02-01
2026-02-01 14:37:29,2026-02-01 14:47:28,work,True,False,2026-02-01
2026-02-01 14:47:28,2026-02-01 14:47:28,work,True,False,2026-02-01
2026-02-01 14:47:28,2026-02-01 14:47:28,work,True,False,2026-02-01
2026-02-01 14:47:28,2026-02-01 15:06:08,work,True,False,2026-02-01
2026-02-01 15:06:08,2026-02-01 15:14:47,clope,False,False,2026-02-01
2026-02-01 15:14:47,2026-02-01 16:04:28,work,True,False,2026-02-01
2026-02-01 16:04:28,2026-02-01 16:15:30,clope,False,False,2026-02-01
2026-02-01 16:15:30,2026-02-01 17:16:00,work,True,False,2026-02-01
2026-02-01 17:16:00,2026-02-01 17:23:35,clope,False,False,2026-02-01
2026-02-01 17:23:35,2026-02-01 17:48:27,work,True,False,2026-02-01
2026-02-01 17:48:27,2026-02-01 17:56:28,clope,False,False,2026-02-01
2026-02-01 17:56:28,2026-02-01 19:07:19,work,True,False,2026-02-01
2026-02-01 19:07:19,2026-02-01 19:26:31,clope,False,False,2026-02-01
2026-02-01 19:26:31,2026-02-01 20:09:44,work,True,False,2026-02-01
2026-02-01 20:09:44,2026-02-01 20:22:54,clope,False,False,2026-02-01
2026-02-01 20:22:54,2026-02-01 20:26:36,work,True,False,2026-02-01
2026-02-01 20:26:36,2026-02-01 21:23:18,manger,False,False,2026-02-01
2026-02-01 21:23:18,2026-02-01 22:11:25,work,True,False,2026-02-01
2026-02-01 22:11:25,2026-02-01 22:11:27,clope,False,False,2026-02-01
2026-02-01 22:11:27,2026-02-01 22:12:01,work,True,False,2026-02-01
2026-02-01 22:12:01,2026-02-01 22:17:10,glandouille,False,False,2026-02-01
2026-02-01 22:17:10,2026-02-01 22:27:33,clope,False,False,2026-02-01
2026-02-01 22:27:33,2026-02-02 00:35:06,glandouille,False,False,2026-02-01
2026-02-02 00:35:06,2026-02-02 00:35:56,sleep,False,True,2026-02-01
2026-02-02 00:35:56,2026-02-02 08:24:07,SLEEP_OFFLINE,False,True,2026-02-01
2026-02-02 08:24:07,2026-02-02 08:25:08,sleep,False,True,2026-02-02
2026-02-02 08:25:08,2026-02-02 08:56:11,reveille,False,False,2026-02-02
2026-02-02 08:56:11,2026-02-02 09:17:14,douche,False,False,2026-02-02
2026-02-02 09:17:14,2026-02-02 09:47:51,marche,False,False,2026-02-02
2026-02-02 09:47:51,2026-02-02 09:57:52,clope,False,False,2026-02-02
2026-02-02 09:57:52,2026-02-02 10:27:56,work,True,False,2026-02-02
2026-02-02 10:27:56,2026-02-02 10:37:35,clope,False,False,2026-02-02
2026-02-02 10:37:35,2026-02-02 11:03:00,work,True,False,2026-02-02
2026-02-02 11:03:00,2026-02-02 11:15:33,clope,False,False,2026-02-02
2026-02-02 11:15:33,2026-02-02 11:48:06,work,True,False,2026-02-02
2026-02-02 11:48:06,2026-02-02 11:56:29,clope,False,False,2026-02-02
2026-02-02 11:56:29,2026-02-02 12:24:11,manger,False,False,2026-02-02
2026-02-02 12:24:11,2026-02-02 13:34:33,marche,False,False,2026-02-02
2026-02-02 13:34:33,2026-02-02 13:41:49,clope,False,False,2026-02-02
2026-02-02 13:41:49,2026-02-02 14:27:25,work,True,False,2026-02-02
2026-02-02 14:27:25,2026-02-02 14:37:04,clope,False,False,2026-02-02
2026-02-02 14:37:04,2026-02-02 15:06:27,work,True,False,2026-02-02
2026-02-02 15:06:27,2026-02-02 15:17:38,clope,False,False,2026-02-02
2026-02-02 15:17:38,2026-02-02 16:42:37,work,True,False,2026-02-02
2026-02-02 16:42:37,2026-02-02 16:50:17,clope,False,False,2026-02-02
2026-02-02 16:50:17,2026-02-02 17:44:39,glandouille,False,False,2026-02-02
2026-02-02 17:44:39,2026-02-02 17:44:41,clope,False,False,2026-02-02
2026-02-02 17:44:41,2026-02-02 18:04:20,work,True,False,2026-02-02
2026-02-02 18:04:20,2026-02-02 18:22:56,glandouille,False,False,2026-02-02
2026-02-02 18:22:56,2026-02-02 18:24:08,clope,False,False,2026-02-02
2026-02-02 18:24:08,2026-02-02 19:49:09,work,True,False,2026-02-02
2026-02-02 19:49:09,2026-02-02 20:24:38,manger,False,False,2026-02-02
2026-02-02 20:24:38,2026-02-02 20:24:43,manger,False,False,2026-02-02
2026-02-02 20:24:43,2026-02-02 20:24:49,clope,False,False,2026-02-02
2026-02-02 20:24:49,2026-02-02 21:01:04,work,True,False,2026-02-02
2026-02-02 21:01:04,2026-02-02 21:15:19,clope,False,False,2026-02-02
2026-02-02 21:15:19,2026-02-02 21:50:12,work,True,False,2026-02-02
2026-02-02 21:50:12,2026-02-02 22:25:37,SLEEP_OFFLINE,False,True,2026-02-02
2026-02-02 22:25:37,2026-02-02 22:45:06,sleep,False,True,2026-02-02
2026-02-02 22:45:06,2026-02-02 22:45:16,clope,False,False,2026-02-02
2026-02-02 22:45:16,2026-02-02 23:48:56,work,True,False,2026-02-02
2026-02-02 23:48:56,2026-02-02 23:49:01,clope,False,False,2026-02-02
2026-02-02 23:49:01,2026-02-02 23:58:15,glandouille,False,False,2026-02-02
2026-02-02 23:58:15,2026-02-03 00:15:25,glandouille,False,False,2026-02-02
2026-02-03 00:15:25,2026-02-03 00:35:59,work,True,False,2026-02-02
2026-02-03 00:35:59,2026-02-03 00:36:21,sleep,False,True,2026-02-02
2026-02-03 00:36:21,2026-02-03 08:45:57,SLEEP_OFFLINE,False,True,2026-02-02
2026-02-03 08:45:57,2026-02-03 08:50:35,sleep,False,True,2026-02-03
2026-02-03 08:50:35,2026-02-03 09:19:56,reveille,False,False,2026-02-03
2026-02-03 09:19:56,2026-02-03 10:18:52,marche,False,False,2026-02-03
2026-02-03 10:18:52,2026-02-03 10:29:55,clope,False,False,2026-02-03
2026-02-03 10:29:55,2026-02-03 10:55:26,glandouille,False,False,2026-02-03
2026-02-03 10:55:26,2026-02-03 11:06:43,clope,False,False,2026-02-03
2026-02-03 11:06:43,2026-02-03 11:50:49,work,True,False,2026-02-03
2026-02-03 11:50:49,2026-02-03 11:59:21,clope,False,False,2026-02-03
2026-02-03 11:59:21,2026-02-03 12:33:41,menage,False,False,2026-02-03
2026-02-03 12:33:41,2026-02-03 12:33:43,clope,False,False,2026-02-03
2026-02-03 12:33:43,2026-02-03 13:46:40,work,True,False,2026-02-03
2026-02-03 13:46:40,2026-02-03 13:54:41,clope,False,False,2026-02-03
2026-02-03 13:54:41,2026-02-03 13:56:29,work,True,False,2026-02-03
2026-02-03 13:56:29,2026-02-03 14:38:27,work,True,False,2026-02-03
2026-02-03 14:38:27,2026-02-03 14:47:42,clope,False,False,2026-02-03
2026-02-03 14:47:42,2026-02-03 15:15:22,work,True,False,2026-02-03
2026-02-03 15:15:22,2026-02-03 15:58:15,menage,False,False,2026-02-03
2026-02-03 15:58:15,2026-02-03 15:58:16,clope,False,False,2026-02-03
2026-02-03 15:58:16,2026-02-03 17:18:26,work,True,False,2026-02-03
2026-02-03 17:18:26,2026-02-03 17:24:59,clope,False,False,2026-02-03
2026-02-03 17:24:59,2026-02-03 18:28:40,work,True,False,2026-02-03
2026-02-03 18:28:40,2026-02-03 18:39:02,clope,False,False,2026-02-03
2026-02-03 18:39:02,2026-02-03 18:39:11,work,True,False,2026-02-03
2026-02-03 18:39:11,2026-02-03 18:51:27,glandouille,False,False,2026-02-03
2026-02-03 18:51:27,2026-02-03 19:20:33,work,True,False,2026-02-03
2026-02-03 19:20:33,2026-02-03 19:26:43,clope,False,False,2026-02-03
2026-02-03 19:26:43,2026-02-03 19:33:26,work,True,False,2026-02-03
2026-02-03 19:33:26,2026-02-03 20:26:38,manger,False,False,2026-02-03
2026-02-03 20:26:38,2026-02-03 20:45:57,clope,False,False,2026-02-03
2026-02-03 20:45:57,2026-02-03 20:45:59,work,True,False,2026-02-03
2026-02-03 20:45:59,2026-02-03 21:38:45,clope,False,False,2026-02-03
2026-02-03 21:38:45,2026-02-03 21:59:06,work,True,False,2026-02-03
2026-02-03 21:59:06,2026-02-03 22:28:14,clope,False,False,2026-02-03
2026-02-03 22:28:14,2026-02-03 22:28:15,work,True,False,2026-02-03
2026-02-03 22:28:15,2026-02-03 22:28:30,clope,False,False,2026-02-03
2026-02-03 22:28:30,2026-02-03 23:17:44,work,True,False,2026-02-03
2026-02-03 23:17:44,2026-02-03 23:30:51,clope,False,False,2026-02-03
2026-02-03 23:30:51,2026-02-03 23:45:58,work,True,False,2026-02-03
2026-02-03 23:45:58,2026-02-03 23:48:32,work,True,False,2026-02-03
2026-02-03 23:48:32,2026-02-03 23:49:48,work,True,False,2026-02-03
2026-02-03 23:49:48,2026-02-03 23:50:52,work,True,False,2026-02-03
2026-02-03 23:50:52,2026-02-03 23:56:54,work,True,False,2026-02-03
2026-02-03 23:56:54,2026-02-04 01:43:16,work,True,False,2026-02-03
2026-02-04 01:43:16,2026-02-04 01:43:25,clope,False,False,2026-02-03
2026-02-04 01:43:25,2026-02-04 03:13:47,work,True,False,2026-02-03
2026-02-04 03:13:47,2026-02-04 03:13:54,clope,False,False,2026-02-03
2026-02-04 03:13:54,2026-02-04 03:30:24,work,True,False,2026-02-03
2026-02-04 03:30:24,2026-02-04 03:42:16,manger,False,False,2026-02-03
2026-02-04 03:42:16,2026-02-04 03:42:35,sleep,False,True,2026-02-03
2026-02-04 03:42:35,2026-02-04 10:10:35,SLEEP_OFFLINE,False,True,2026-02-03
2026-02-04 10:10:35,2026-02-04 10:14:48,sleep,False,True,2026-02-04
2026-02-04 10:14:48,2026-02-04 10:47:42,reveille,False,False,2026-02-04
2026-02-04 10:47:42,2026-02-04 11:09:41,work,True,False,2026-02-04
2026-02-04 11:09:41,2026-02-04 11:23:53,douche,False,False,2026-02-04
2026-02-04 11:23:53,2026-02-04 11:45:23,menage,False,False,2026-02-04
2026-02-04 11:45:23,2026-02-04 12:00:30,clope,False,False,2026-02-04
2026-02-04 12:00:30,2026-02-04 12:16:23,work,True,False,2026-02-04
2026-02-04 12:16:23,2026-02-04 12:30:57,clope,False,False,2026-02-04
2026-02-04 12:30:57,2026-02-04 13:03:23,work,True,False,2026-02-04
2026-02-04 13:03:23,2026-02-04 13:14:33,SLEEP_OFFLINE,False,True,2026-02-04
2026-02-04 13:14:33,2026-02-04 13:15:03,sleep,False,True,2026-02-04
2026-02-04 13:15:03,2026-02-04 13:16:33,work,True,False,2026-02-04
2026-02-04 13:16:33,2026-02-04 13:26:19,clope,False,False,2026-02-04
2026-02-04 13:26:19,2026-02-04 13:28:08,work,True,False,2026-02-04
2026-02-04 13:28:08,2026-02-04 14:34:29,marche,False,False,2026-02-04
2026-02-04 14:34:29,2026-02-04 14:44:22,menage,False,False,2026-02-04
2026-02-04 14:44:22,2026-02-04 14:55:44,clope,False,False,2026-02-04
2026-02-04 14:55:44,2026-02-04 16:00:26,menage,False,False,2026-02-04
2026-02-04 16:00:26,2026-02-04 16:00:28,clope,False,False,2026-02-04
2026-02-04 16:00:28,2026-02-04 16:00:34,clope,False,False,2026-02-04
2026-02-04 16:00:34,2026-02-04 17:02:42,menage,False,False,2026-02-04
2026-02-04 17:02:42,2026-02-04 17:16:50,clope,False,False,2026-02-04
2026-02-04 17:16:50,2026-02-04 17:20:01,glandouille,False,False,2026-02-04
2026-02-04 17:20:01,2026-02-04 17:35:50,work,True,False,2026-02-04
2026-02-04 17:35:50,2026-02-04 17:42:39,SLEEP_OFFLINE,False,True,2026-02-04
2026-02-04 17:42:39,2026-02-04 17:43:01,sleep,False,True,2026-02-04
2026-02-04 17:43:01,2026-02-04 18:13:39,clope,False,False,2026-02-04
2026-02-04 18:13:39,2026-02-04 19:13:17,work,True,False,2026-02-04
2026-02-04 19:13:17,2026-02-04 20:03:58,glandouille,False,False,2026-02-04
2026-02-04 20:03:58,2026-02-04 20:05:32,work,True,False,2026-02-04
2026-02-04 20:05:32,2026-02-04 20:30:07,manger,False,False,2026-02-04
2026-02-04 20:30:07,2026-02-04 20:30:15,work,True,False,2026-02-04
2026-02-04 20:30:15,2026-02-04 20:30:19,clope,False,False,2026-02-04
2026-02-04 20:30:19,2026-02-04 21:14:43,work,True,False,2026-02-04
2026-02-04 21:14:43,2026-02-04 21:41:22,clope,False,False,2026-02-04
2026-02-04 21:41:22,2026-02-04 21:41:34,clope,False,False,2026-02-04
2026-02-04 21:41:34,2026-02-04 22:43:43,work,True,False,2026-02-04
2026-02-04 22:43:43,2026-02-05 10:00:00,SLEEP_OFFLINE,False,True,2026-02-04
2026-02-05 10:00:00,2026-02-05 10:30:00,reveille,False,False,2026-02-05
2026-02-05 10:30:00,2026-02-05 10:40:00,clope,False,False,2026-02-05
2026-02-05 10:40:00,2026-02-05 12:00:00,work,True,False,2026-02-05
2026-02-05 12:00:00,2026-02-05 12:10:00,clope,False,False,2026-02-05
2026-02-05 12:10:00,2026-02-05 12:20:00,beer,False,False,2026-02-05
2026-02-05 12:20:00,2026-02-05 14:00:00,work,True,False,2026-02-05
2026-02-05 14:00:00,2026-02-05 14:10:00,clope,False,False,2026-02-05
2026-02-05 14:10:00,2026-02-05 14:20:00,beer,False,False,2026-02-05
2026-02-05 14:20:00,2026-02-05 16:00:00,work,True,False,2026-02-05
2026-02-05 16:00:00,2026-02-05 16:10:00,clope,False,False,2026-02-05
2026-02-05 16:10:00,2026-02-05 16:20:00,beer,False,False,2026-02-05
2026-02-05 16:20:00,2026-02-05 18:00:00,work,True,False,2026-02-05
2026-02-05 18:00:00,2026-02-05 18:10:00,clope,False,False,2026-02-05
2026-02-05 18:10:00,2026-02-05 18:20:00,beer,False,False,2026-02-05
2026-02-05 18:20:00,2026-02-05 20:00:00,work,True,False,2026-02-05
2026-02-05 20:00:00,2026-02-05 20:10:00,clope,False,False,2026-02-05
2026-02-05 20:10:00,2026-02-05 20:20:00,beer,False,False,2026-02-05
2026-02-05 20:20:00,2026-02-05 20:50:00,manger,False,False,2026-02-05
2026-02-05 20:50:00,2026-02-05 21:00:00,beer,False,False,2026-02-05
2026-02-05 21:00:00,2026-02-05 22:00:00,work,True,False,2026-02-05
2026-02-05 22:00:00,2026-02-05 22:10:00,clope,False,False,2026-02-05
2026-02-05 22:10:00,2026-02-05 22:20:00,beer,False,False,2026-02-05
2026-02-05 22:20:00,2026-02-06 00:00:00,work,True,False,2026-02-05
2026-02-06 00:00:00,2026-02-06 00:10:00,clope,False,False,2026-02-05
2026-02-06 00:10:00,2026-02-06 00:20:00,beer,False,False,2026-02-05
2026-02-06 00:20:00,2026-02-06 02:00:00,work,True,False,2026-02-05
2026-02-06 02:00:00,2026-02-06 02:10:00,clope,False,False,2026-02-05
2026-02-06 02:10:00,2026-02-06 02:20:00,beer,False,False,2026-02-05
2026-02-06 02:20:00,2026-02-06 03:30:00,work,True,False,2026-02-05
2026-02-06 03:30:00,2026-02-06 03:35:00,clope,False,False,2026-02-05
2026-02-06 03:35:00,2026-02-06 03:35:30,sleep,False,True,2026-02-05
2026-02-06 03:35:30,2026-02-06 12:00:00,SLEEP_OFFLINE,False,True,2026-02-05
2026-02-06 12:00:00,2026-02-06 12:30:00,reveille,False,False,2026-02-06
2026-02-06 12:30:00,2026-02-06 20:45:00,idle,False,False,2026-02-06
2026-02-06 20:45:00,2026-02-06 20:55:00,beer,False,False,2026-02-06
2026-02-06 20:55:00,2026-02-06 21:15:00,idle,False,False,2026-02-06
2026-02-06 21:15:00,2026-02-06 21:25:00,beer,False,False,2026-02-06
2026-02-06 21:25:00,2026-02-06 21:45:00,idle,False,False,2026-02-06
2026-02-06 21:45:00,2026-02-06 21:55:00,beer,False,False,2026-02-06
2026-02-06 21:55:00,2026-02-06 22:15:00,idle,False,False,2026-02-06
2026-02-06 22:15:00,2026-02-06 22:25:00,beer,False,False,2026-02-06
2026-02-06 22:25:00,2026-02-06 22:45:00,idle,False,False,2026-02-06
2026-02-06 22:45:00,2026-02-06 22:55:00,beer,False,False,2026-02-06
2026-02-06 22:55:00,2026-02-06 23:15:00,idle,False,False,2026-02-06
2026-02-06 23:15:00,2026-02-06 23:25:00,beer,False,False,2026-02-06
2026-02-06 23:25:00,2026-02-06 23:45:00,idle,False,False,2026-02-06
2026-02-06 23:45:00,2026-02-06 23:55:00,beer,False,False,2026-02-06
2026-02-06 23:55:00,2026-02-07 00:15:00,idle,False,False,2026-02-06
2026-02-07 00:15:00,2026-02-07 00:25:00,beer,False,False,2026-02-06
2026-02-07 00:25:00,2026-02-07 00:45:00,idle,False,False,2026-02-06
2026-02-07 00:45:00,2026-02-07 00:55:00,beer,False,False,2026-02-06
2026-02-07 00:55:00,2026-02-07 02:49:26,idle,False,False,2026-02-06
2026-02-07 02:49:26,2026-02-07 09:55:22,SLEEP_OFFLINE,False,True,2026-02-06
2026-02-07 09:55:22,2026-02-07 09:56:21,sleep,False,True,2026-02-07
2026-02-07 09:56:21,2026-02-07 10:16:17,reveille,False,False,2026-02-07
2026-02-07 10:16:17,2026-02-07 11:03:46,work,True,False,2026-02-07
2026-02-07 11:03:46,2026-02-07 11:13:23,douche,False,False,2026-02-07
2026-02-07 11:13:23,2026-02-07 11:32:47,work,True,False,2026-02-07
2026-02-07 11:32:47,2026-02-07 11:39:56,clope,False,False,2026-02-07
2026-02-07 11:39:56,2026-02-07 12:28:07,marche,False,False,2026-02-07
2026-02-07 12:28:07,2026-02-07 12:35:38,clope,False,False,2026-02-07
2026-02-07 12:35:38,2026-02-07 13:08:40,work,True,False,2026-02-07
2026-02-07 13:08:40,2026-02-07 13:14:59,clope,False,False,2026-02-07
2026-02-07 13:14:59,2026-02-07 14:10:17,work,True,False,2026-02-07
2026-02-07 14:10:17,2026-02-07 14:25:46,clope,False,False,2026-02-07
2026-02-07 14:25:46,2026-02-07 14:28:21,work,True,False,2026-02-07
2026-02-07 14:28:21,2026-02-07 14:32:31,SLEEP_OFFLINE,False,True,2026-02-07
2026-02-07 14:32:31,2026-02-07 14:33:00,sleep,False,True,2026-02-07
2026-02-07 14:33:00,2026-02-07 15:50:31,work,True,False,2026-02-07
2026-02-07 15:50:31,2026-02-07 15:59:08,clope,False,False,2026-02-07
2026-02-07 15:59:08,2026-02-07 18:03:08,work,True,False,2026-02-07
2026-02-07 18:03:08,2026-02-07 18:43:21,clope,False,False,2026-02-07
2026-02-07 18:43:21,2026-02-07 18:58:31,work,True,False,2026-02-07
2026-02-07 18:58:31,2026-02-07 19:05:45,clope,False,False,2026-02-07
2026-02-07 19:05:45,2026-02-07 19:38:19,work,True,False,2026-02-07
2026-02-07 19:38:19,2026-02-07 20:15:42,manger,False,False,2026-02-07
2026-02-07 20:15:42,2026-02-07 21:19:49,work,True,False,2026-02-07
2026-02-07 21:19:49,2026-02-07 21:44:06,clope,False,False,2026-02-07
2026-02-07 21:44:06,2026-02-07 22:22:20,clope,False,False,2026-02-07
2026-02-07 22:22:20,2026-02-07 22:45:10,work,True,False,2026-02-07
2026-02-07 22:45:10,2026-02-07 22:45:12,clope,False,False,2026-02-07
2026-02-07 22:45:12,2026-02-08 00:16:50,work,True,False,2026-02-07
2026-02-08 00:16:50,2026-02-08 00:38:44,clope,False,False,2026-02-07
2026-02-08 00:38:44,2026-02-08 02:00:42,work,True,False,2026-02-07
2026-02-08 02:00:42,2026-02-08 02:36:59,glandouille,False,False,2026-02-07
2026-02-08 02:36:59,2026-02-08 02:54:16,clope,False,False,2026-02-07
2026-02-08 02:54:16,2026-02-08 03:01:06,glandouille,False,False,2026-02-07
2026-02-08 03:01:06,2026-02-08 03:51:10,clope,False,False,2026-02-07
2026-02-08 03:51:10,2026-02-08 10:45:23,sleep,False,True,2026-02-07
2026-02-08 10:45:23,2026-02-08 12:11:35,reveille,False,False,2026-02-08
2026-02-08 12:11:35,2026-02-08 12:23:11,work,True,False,2026-02-08
2026-02-08 12:23:11,2026-02-08 12:31:25,clope,False,False,2026-02-08
2026-02-08 12:31:25,2026-02-08 13:04:35,work,True,False,2026-02-08
2026-02-08 13:04:35,2026-02-08 13:06:48,clope,False,False,2026-02-08
2026-02-08 13:06:48,2026-02-08 13:11:33,glandouille,False,False,2026-02-08
2026-02-08 13:11:33,2026-02-08 13:13:50,work,True,False,2026-02-08
2026-02-08 13:13:50,2026-02-08 13:14:35,manger,False,False,2026-02-08
2026-02-08 13:14:35,2026-02-08 14:21:34,SLEEP_OFFLINE,False,True,2026-02-08
2026-02-08 14:21:34,2026-02-08 14:22:07,sleep,False,True,2026-02-08
2026-02-08 14:22:07,2026-02-08 14:26:38,clope,False,False,2026-02-08
2026-02-08 14:26:38,2026-02-08 14:36:35,work,True,False,2026-02-08
2026-02-08 14:36:35,2026-02-08 15:49:28,marche,False,False,2026-02-08
2026-02-08 15:49:28,2026-02-08 15:58:17,clope,False,False,2026-02-08
2026-02-08 15:58:17,2026-02-08 16:38:47,work,True,False,2026-02-08
2026-02-08 16:38:47,2026-02-08 16:57:08,douche,False,False,2026-02-08
2026-02-08 16:57:08,2026-02-08 18:33:53,work,True,False,2026-02-08
2026-02-08 18:33:53,2026-02-08 18:34:05,clope,False,False,2026-02-08
2026-02-08 18:34:05,2026-02-08 18:55:12,work,True,False,2026-02-08
2026-02-08 18:55:12,2026-02-08 19:00:59,clope,False,False,2026-02-08
2026-02-08 19:00:59,2026-02-08 20:49:09,work,True,False,2026-02-08
2026-02-08 20:49:09,2026-02-08 21:24:29,manger,False,False,2026-02-08
2026-02-08 21:24:29,2026-02-08 22:24:15,clope,False,False,2026-02-08
2026-02-08 22:24:15,2026-02-08 22:24:16,work,True,False,2026-02-08
2026-02-08 22:24:16,2026-02-08 22:24:22,clope,False,False,2026-02-08
2026-02-08 22:24:22,2026-02-08 23:33:37,work,True,False,2026-02-08
2026-02-08 23:33:37,2026-02-08 23:34:02,clope,False,False,2026-02-08
2026-02-08 23:34:02,2026-02-09 00:25:19,work,True,False,2026-02-08
2026-02-09 00:25:19,2026-02-09 00:25:26,clope,False,False,2026-02-08
2026-02-09 00:25:26,2026-02-09 01:11:06,work,True,False,2026-02-08
2026-02-09 01:11:06,2026-02-09 01:11:11,clope,False,False,2026-02-08
2026-02-09 01:11:11,2026-02-09 02:25:26,glandouille,False,False,2026-02-08
2026-02-09 02:25:26,2026-02-09 09:03:12,sleep,False,True,2026-02-08
2026-02-09 09:03:12,2026-02-09 09:48:02,reveille,False,False,2026-02-09
2026-02-09 09:48:02,2026-02-09 10:15:14,menage,False,False,2026-02-09
2026-02-09 10:15:14,2026-02-09 10:28:51,douche,False,False,2026-02-09
2026-02-09 10:28:51,2026-02-09 10:46:57,menage,False,False,2026-02-09
2026-02-09 10:46:57,2026-02-09 10:55:56,clope,False,False,2026-02-09
2026-02-09 10:55:56,2026-02-09 12:25:35,marche,False,False,2026-02-09
2026-02-09 12:25:35,2026-02-09 13:46:01,sport,False,False,2026-02-09
2026-02-09 13:46:01,2026-02-09 13:46:03,clope,False,False,2026-02-09
2026-02-09 13:46:03,2026-02-09 13:46:08,manger,False,False,2026-02-09
2026-02-09 13:46:08,2026-02-09 13:46:13,douche,False,False,2026-02-09
2026-02-09 13:46:13,2026-02-09 14:14:59,work,True,False,2026-02-09
2026-02-09 14:14:59,2026-02-09 14:31:26,clope,False,False,2026-02-09
2026-02-09 14:31:26,2026-02-09 16:30:39,work,True,False,2026-02-09
2026-02-09 16:30:39,2026-02-09 16:43:23,clope,False,False,2026-02-09
2026-02-09 16:43:23,2026-02-09 17:35:53,clope,False,False,2026-02-09
2026-02-09 17:35:53,2026-02-09 18:27:16,work,True,False,2026-02-09
2026-02-09 18:27:16,2026-02-09 18:27:17,clope,False,False,2026-02-09
2026-02-09 18:27:17,2026-02-09 18:29:06,work,True,False,2026-02-09
2026-02-09 18:29:06,2026-02-09 18:30:34,menage,False,False,2026-02-09
2026-02-09 18:30:34,2026-02-09 19:27:37,work,True,False,2026-02-09
2026-02-09 19:27:37,2026-02-09 20:50:56,manger,False,False,2026-02-09
2026-02-09 20:50:56,2026-02-09 20:57:11,work,True,False,2026-02-09
2026-02-09 20:57:11,2026-02-09 20:57:16,clope,False,False,2026-02-09
2026-02-09 20:57:16,2026-02-09 20:57:20,work,True,False,2026-02-09
2026-02-09 20:57:20,2026-02-09 21:09:58,clope,False,False,2026-02-09
2026-02-09 21:09:58,2026-02-09 22:01:05,work,True,False,2026-02-09
2026-02-09 22:01:05,2026-02-09 22:01:08,clope,False,False,2026-02-09
2026-02-09 22:01:08,2026-02-10 00:55:37,work,True,False,2026-02-09
2026-02-10 00:55:37,2026-02-10 02:28:22,clope,False,False,2026-02-09
2026-02-10 02:28:22,2026-02-10 02:48:58,clope,False,False,2026-02-09
2026-02-10 02:48:58,2026-02-10 02:49:00,clope,False,False,2026-02-09
2026-02-10 02:49:00,2026-02-10 03:02:54,glandouille,False,False,2026-02-09
2026-02-10 03:02:54,2026-02-10 03:03:16,sleep,False,True,2026-02-09
2026-02-10 03:03:16,2026-02-10 08:44:21,SLEEP_OFFLINE,False,True,2026-02-09
2026-02-10 08:44:21,2026-02-10 08:45:35,sleep,False,True,2026-02-10
2026-02-10 08:45:35,2026-02-10 09:46:51,reveille,False,False,2026-02-10
2026-02-10 09:46:51,2026-02-10 10:09:58,douche,False,False,2026-02-10
2026-02-10 10:09:58,2026-02-10 10:33:11,work,True,False,2026-02-10
2026-02-10 10:33:11,2026-02-10 10:43:46,clope,False,False,2026-02-10
2026-02-10 10:43:46,2026-02-10 10:47:41,work,True,False,2026-02-10
2026-02-10 10:47:41,2026-02-10 11:00:07,clope,False,False,2026-02-10
2026-02-10 11:00:07,2026-02-10 11:53:17,work,True,False,2026-02-10
2026-02-10 11:53:17,2026-02-10 12:10:04,glandouille,False,False,2026-02-10
2026-02-10 12:10:04,2026-02-10 12:19:51,clope,False,False,2026-02-10
2026-02-10 12:19:51,2026-02-10 12:28:17,work,True,False,2026-02-10
2026-02-10 12:28:17,2026-02-10 13:35:36,marche,False,False,2026-02-10
2026-02-10 13:35:36,2026-02-10 13:36:18,clope,False,False,2026-02-10
2026-02-10 13:36:18,2026-02-10 14:12:30,work,True,False,2026-02-10
2026-02-10 14:12:30,2026-02-10 14:12:45,clope,False,False,2026-02-10
2026-02-10 14:12:45,2026-02-10 14:40:45,work,True,False,2026-02-10
2026-02-10 14:40:45,2026-02-10 14:49:45,clope,False,False,2026-02-10
2026-02-10 14:49:45,2026-02-10 15:02:15,work,True,False,2026-02-10
2026-02-10 15:02:15,2026-02-10 15:11:30,clope,False,False,2026-02-10
2026-02-10 15:11:30,2026-02-10 16:42:29,work,True,False,2026-02-10
2026-02-10 16:42:29,2026-02-10 16:42:36,clope,False,False,2026-02-10
2026-02-10 16:42:36,2026-02-10 17:19:49,menage,False,False,2026-02-10
2026-02-10 17:19:49,2026-02-10 18:19:14,clope,False,False,2026-02-10
2026-02-10 18:19:14,2026-02-10 18:25:42,clope,False,False,2026-02-10
2026-02-10 18:25:42,2026-02-10 20:30:23,work,True,False,2026-02-10
2026-02-10 20:30:23,2026-02-10 20:30:31,clope,False,False,2026-02-10
2026-02-10 20:30:31,2026-02-10 22:27:12,work,True,False,2026-02-10
2026-02-10 22:27:12,2026-02-10 22:27:16,clope,False,False,2026-02-10
2026-02-10 22:27:16,2026-02-10 23:38:29,work,True,False,2026-02-10
2026-02-10 23:38:29,2026-02-10 23:38:46,clope,False,False,2026-02-10
2026-02-10 23:38:46,2026-02-11 00:18:51,work,True,False,2026-02-10
2026-02-11 00:18:51,2026-02-11 01:03:19,clope,False,False,2026-02-10
2026-02-11 01:03:19,2026-02-11 01:03:20,work,True,False,2026-02-10
2026-02-11 01:03:20,2026-02-11 01:03:25,clope,False,False,2026-02-10
2026-02-11 01:03:25,2026-02-11 02:34:56,work,True,False,2026-02-10
2026-02-11 02:34:56,2026-02-11 02:34:59,clope,False,False,2026-02-10
2026-02-11 02:34:59,2026-02-11 03:36:57,work,True,False,2026-02-10
2026-02-11 03:36:57,2026-02-11 05:29:24,sleep,False,True,2026-02-10
2026-02-11 05:29:24,2026-02-11 08:57:05,SLEEP_OFFLINE,False,True,2026-02-11
2026-02-11 08:57:05,2026-02-11 08:57:05,sleep,False,True,2026-02-11
2026-02-11 08:57:05,2026-02-11 08:57:05,reveille,False,False,2026-02-11
2026-02-11 08:57:05,2026-02-11 08:57:22,reveille,False,False,2026-02-11
2026-02-11 08:57:22,2026-02-11 08:59:59,reveille,False,False,2026-02-11
2026-02-11 08:59:59,2026-02-11 09:15:10,douche,False,False,2026-02-11
2026-02-11 09:15:10,2026-02-11 09:21:16,reveille,False,False,2026-02-11
2026-02-11 09:21:16,2026-02-11 10:20:11,marche,False,False,2026-02-11
2026-02-11 10:20:11,2026-02-11 10:49:11,work,True,False,2026-02-11
2026-02-11 10:49:11,2026-02-11 11:20:25,clope,False,False,2026-02-11
2026-02-11 11:20:25,2026-02-11 11:20:29,clope,False,False,2026-02-11
2026-02-11 11:20:29,2026-02-11 12:26:47,work,True,False,2026-02-11
2026-02-11 12:26:47,2026-02-11 12:26:53,clope,False,False,2026-02-11
2026-02-11 12:26:53,2026-02-11 12:42:41,manger,False,False,2026-02-11
2026-02-11 12:42:41,2026-02-11 14:07:36,glandouille,False,False,2026-02-11
2026-02-11 14:07:36,2026-02-11 14:07:38,clope,False,False,2026-02-11
2026-02-11 14:07:38,2026-02-11 15:06:47,marche,False,False,2026-02-11
2026-02-11 15:06:47,2026-02-11 15:11:54,glandouille,False,False,2026-02-11
2026-02-11 15:11:54,2026-02-11 15:43:40,work,True,False,2026-02-11
2026-02-11 15:43:40,2026-02-11 16:07:44,menage,False,False,2026-02-11
2026-02-11 16:07:44,2026-02-11 16:18:03,clope,False,False,2026-02-11
2026-02-11 16:18:03,2026-02-11 17:15:37,work,True,False,2026-02-11
2026-02-11 17:15:37,2026-02-11 17:21:12,clope,False,False,2026-02-11
2026-02-11 17:21:12,2026-02-11 19:37:58,work,True,False,2026-02-11
2026-02-11 19:37:58,2026-02-11 19:37:59,clope,False,False,2026-02-11
2026-02-11 19:37:59,2026-02-11 19:38:23,clope,False,False,2026-02-11
2026-02-11 19:38:23,2026-02-11 20:16:10,manger,False,False,2026-02-11
2026-02-11 20:16:10,2026-02-11 20:43:49,work,True,False,2026-02-11
2026-02-11 20:43:49,2026-02-11 20:44:29,clope,False,False,2026-02-11
2026-02-11 20:44:29,2026-02-11 23:09:17,work,True,False,2026-02-11
2026-02-11 23:09:17,2026-02-11 23:09:25,clope,False,False,2026-02-11
2026-02-11 23:09:25,2026-02-12 00:23:00,glandouille,False,False,2026-02-11
2026-02-12 00:23:00,2026-02-12 07:56:27,sleep,False,True,2026-02-11
2026-02-12 07:56:27,2026-02-12 09:24:29,reveille,False,False,2026-02-12
2026-02-12 09:24:29,2026-02-12 09:51:29,work,True,False,2026-02-12
2026-02-12 09:51:29,2026-02-12 10:06:01,clope,False,False,2026-02-12
2026-02-12 10:06:01,2026-02-12 10:26:53,work,True,False,2026-02-12
2026-02-12 10:26:53,2026-02-12 11:10:53,douche,False,False,2026-02-12
2026-02-12 11:10:53,2026-02-12 11:50:29,work,True,False,2026-02-12
2026-02-12 11:50:29,2026-02-12 12:01:59,clope,False,False,2026-02-12
2026-02-12 12:01:59,2026-02-12 13:04:30,manger,False,False,2026-02-12
2026-02-12 13:04:30,2026-02-12 13:04:32,clope,False,False,2026-02-12
2026-02-12 13:04:32,2026-02-12 13:04:35,clope,False,False,2026-02-12
